,ret
5,0.007805917607450442
6,-0.009924537264589898
7,0.013119759007829761
8,-0.016328133201246185
9,0.006674458072332188
10,0.005550550611802748
11,0.011314458899804945
12,-0.0068800132123676945
13,-0.0032714202794692435
14,0.008132532709193657
15,0.0013392991719572177
16,0.0009634076235244778
17,0.009969020096436725
18,-0.011755093642595147
19,0.009841876424200017
20,-0.00032129025341836844
21,-0.0014954055526650058
22,-0.012338399950869576
23,-0.0032817616615449306
24,-0.005725336233524782
25,-0.012721573332701505
26,0.0012473112628047425
27,0.0007827082636464315
28,0.014470144195159152
29,-0.00241781226777181
30,-0.008628476369566124
31,0.0027711242040214584
32,0.008510848304428857
33,-0.008610095222187072
34,0.0028549543830168997
35,-0.006538499974841633
36,0.007933551158243422
37,0.0008233905637341584
38,-0.007489612611490949
39,0.02116837803492294
40,-0.002022978274009428
41,-0.0042171817213288955
42,-0.0007429557882821646
43,0.002140392815706363
44,0.019420839046459023
45,0.006503632769796581
46,-0.008782584792840404
47,0.004664330904230356
48,-0.0056889821739068555
49,-0.003162440817257206
50,0.004660468623272382
51,-0.008397716919750905
52,0.016154513183370318
53,0.005849495577303001
54,-0.0005078954126976049
55,-0.0008482265652157117
56,-0.0045576561025171165
57,0.0033806555262775036
58,0.008549369832969401
59,0.011898181197204146
60,-0.015716268094590376
61,-0.016151002017254543
62,0.004634287761180282
63,-0.01642475109201434
64,0.005927657418096827
65,0.006804302497819464
66,-3.529010998873806e-05
67,0.0031387807355765943
68,-0.005490565575011065
69,-0.022833907663519434
70,-0.008165582339983329
71,0.0024374320586589967
72,-0.007747028989372311
73,-0.011894620137734091
74,-0.006624743475062517
75,0.006812829920530801
76,-0.0010460159142903435
77,-0.006839533304166174
78,0.010888455894936037
79,0.008700621218660822
80,0.0006104224062089656
81,-0.024395880641211606
82,0.0012987409179102151
83,0.020329930688707937
84,-0.003010271090037259
85,-0.017071079016401963
86,0.005553176328708759
87,-0.010824439309474583
88,0.004032645146600803
89,-0.004790753941678355
90,-0.009872360672178641
91,0.003812069406433471
92,0.004863520049223731
93,0.01553317984043104
94,-0.002518088369215301
95,-0.00034834336155391645
96,-0.00045722575730103635
97,0.014987701225858904
98,0.002079584196800646
99,-0.006470310890978557
100,0.0050956931872055125
101,-0.013790142000759382
102,0.00537195579113281
103,0.026459668128129703
104,-0.0048530327550600615
105,0.008946130168326908
106,-0.01773753120782702
107,-0.00218417766510607
108,-0.0070299855784417735
109,-0.0065858649216793816
110,0.001293534154273934
111,-0.024907050317191856
112,-0.009861204513575143
113,-0.010638606392215665
114,0.007397899329584328
115,0.002440591463575148
116,0.013695725585285418
117,-0.005802321303433045
118,-0.0028370997243626853
119,0.014054307916109197
120,-0.02157035125487744
121,-0.02103701155838664
122,0.0037173990645440044
123,0.023736188994363003
124,0.0018026470469585795
125,-0.013327028364127004
126,0.0159877209490432
127,0.0031185596669923016
128,0.00023438024607318815
129,-0.0028960894301020036
130,-0.005782395511761358
131,0.008010978655353595
132,0.00336206068536838
133,-0.006332606097529222
134,0.011046712617099374
135,0.02028722527230322
136,0.006697587654099618
137,0.002958507477117206
138,0.003273555400858839
139,-0.009075333937529663
140,0.00329655631981447
141,-0.004212637512862752
142,0.0020449211531781224
143,0.00524745874610087
144,0.011849175916184163
145,0.0012316412244069842
146,0.008453810868470066
147,0.0016627497980146399
148,0.007339238694342473
149,0.007186004692115712
150,-0.009648219494442707
151,-0.009168789396804697
152,0.005831370818344566
153,0.0056205376435228506
154,0.01927088103619558
155,0.00871487256100655
156,0.0009004817223469085
157,0.016040264055042164
158,-0.0013686253915754449
159,-0.006041781689643285
160,0.01073731863554983
161,-0.006700246592019611
162,-0.0038618212309422775
163,0.01919272131642638
164,0.007738424857160282
165,0.002600296735074403
166,0.001274929197817165
167,-0.005488075194182332
168,-0.010980943220722269
169,0.007588425339698115
170,0.017382204665545135
171,0.001526221289134255
172,0.0005696605892197569
173,0.0030636258580238962
174,-0.003568086000036973
175,-0.0019813931732729547
176,0.013140277910374155
177,0.0013976561712842972
178,-0.004648437393900691
179,-0.009171440178815677
180,0.0021786946608760177
181,0.004484022142466551
182,0.01177277651467028
183,0.013525429547489306
184,0.017933061172759297
185,0.018695161020835294
186,0.00620764407916546
187,-0.011801381601765883
188,0.0025444382318112295
189,0.002932795871520466
190,-0.010226636862314622
191,-0.004606703083969821
192,-0.0026976548605558625
193,0.01614996508048828
194,0.006028956026695471
195,0.010628521135607005
196,0.0028941065738442664
197,0.0015395212719566168
198,0.007367628673648629
199,0.010236868040887522
200,0.005834498010654978
201,0.00685858247174124
202,-0.0032996770274456274
203,0.0044075028632673844
204,0.0047077244787836064
205,0.0005123649745979532
206,-0.003781617504830643
207,-0.02122020053353275
208,0.008023945478784997
209,0.003541793455634474
210,-0.0009887031448838912
211,-0.007983144437516269
212,0.0030041034888595997
213,0.0025991813317941034
214,-0.005158674541408148
215,-0.013622736979401973
216,0.00797778092526127
217,0.008130393392598675
218,-0.0034638211060657367
219,0.003877541239961496
220,0.0022905317473776894
221,0.008124988876590165
222,-0.015031215120489121
223,0.003636028528594789
224,-0.0006072008810866919
225,-0.008275491251326646
226,-0.008442065474963664
227,0.004860560622711128
228,0.004537045876443445
229,-0.0034150723143455118
230,-0.002711203651044663
231,0.0013170926819608794
232,0.011144161778515146
233,-0.005928980298465004
234,-0.0054617392124923945
235,0.008361298911401714
236,0.006628026896547975
237,0.010153749332065028
238,0.0014694086843324381
239,0.002701762521320256
240,-0.01032519067061677
241,-0.019698615909716964
242,0.0032679589266926008
243,-0.00952078554871754
244,-0.007585406590579053
245,0.024173491881129744
246,-0.012065716398957621
247,0.0005849336514781199
248,0.0015598670555979442
249,0.00035232885663370034
250,0.006639569789096393
251,-0.006408744246642109
252,-0.001089358743455734
253,-0.00821591999885422
254,0.0012411159570318317
255,0.009097581850129223
256,-0.001319253650209554
257,-0.013797016576096895
258,-0.0014627291426556955
259,0.00286736287786941
260,0.006919219280074768
261,0.0023388904023931003
262,0.004653622223447668
263,0.008334186963462562
264,0.0044089716662730075
265,-0.00022485529487472982
266,-0.006714269991740247
267,-0.005289081272835592
268,-0.04096221367067599
269,0.007434584231147235
270,0.0009460872632690423
271,-0.016453593223217062
272,-0.007139445913767728
273,0.019795895406178782
274,-0.006928416328991498
275,0.002529102062188867
276,3.825272580900037e-05
277,0.006961486293200349
278,-0.02183668614347162
279,0.013929397390239158
280,-0.003972446748058889
281,-0.000999199529541121
282,0.013479668830445272
283,0.008276718795372848
284,0.025255637590514926
285,-0.004010275208688001
286,-0.0010364892700018796
287,0.0023094795193716
288,-0.005557998424393233
289,-0.009761351845824376
290,0.003620814197719649
291,-0.000335992996282739
292,0.001465530515994259
293,0.013313313379235593
294,0.00837718267563879
295,0.001207802001966649
296,0.0005426814976829551
297,0.006376313113920773
298,-0.00591982856004658
299,0.008697585177962968
300,0.00043679970939946287
301,0.011092127402411696
302,0.002203157420090104
303,0.0011248079679016408
304,-0.0023459508334312228
305,0.011471508409808585
306,-0.004224378073407851
307,-0.001742772905634506
308,0.03604864250977079
309,0.012523177412426872
310,0.0032098297349286067
311,-0.011132743294878608
312,0.0044195910269764155
313,0.00478928207274972
314,0.004330382538374357
315,0.000396056254205024
316,-0.0013531306340492926
317,0.003696208386180847
318,-0.001991097316268002
319,-0.011316030266810152
320,0.011063983827617438
321,-0.0014874075023175678
322,-0.006315351223102219
323,0.015415885797963175
324,-0.001985311189469199
325,0.010162826840553418
326,0.011907424112840584
327,0.005248566435820215
328,-0.003945675910009579
329,-0.014980375272113764
330,0.008168758168310197
331,0.003045660112681207
332,0.011284020203196549
333,0.0025043700990875664
334,-0.0023492809539986813
335,0.004355639419318222
336,0.008359611043924478
337,-0.00418516445054932
338,-0.00575391664394541
339,0.007658329183508387
340,-0.013860462876888944
341,-0.012271842314238007
342,0.00704709237237149
343,0.0073286008046298335
344,0.009962939602255812
345,0.00494931184254455
346,-0.0056220592049036604
347,-0.010224042026090018
348,0.009623853077219574
349,-0.012440925144427531
350,-0.002810475741527956
351,-0.0043425039172957725
352,0.01396879045771175
353,-0.0015896202932927934
354,-0.005002895960851045
355,0.0078072023080917805
356,0.011650784792355848
357,0.006169994471547769
358,0.003963746106708778
359,0.0023957347440491184
360,-0.00603334622011161
361,0.0028210000999569496
362,0.018217145393898116
363,0.006225935540095447
364,-0.002371769642095567
365,0.006959235522817393
366,-0.005268920292807332
367,0.006564656552179974
368,-0.014630375005812928
369,0.00884585059092575
370,-0.0177308523199135
371,0.03158799894875297
372,-0.0028442926501359793
373,-0.015268698984013536
374,0.005767524913583982
375,-0.022518084551622464
376,0.004434510273792783
377,0.006617744294750041
378,-0.01989198954676819
379,0.017438923960111173
380,0.004827055614244668
381,0.015295409840154307
382,-0.02217821003138738
383,0.0003788527571885762
384,-0.0014598229949835276
385,-0.012393249994230476
386,-0.012518767454599703
387,-0.006787111787637688
388,0.02007864926605075
389,-0.002524414774475044
390,0.00761451989342129
391,0.011999569921271346
392,-0.002800057483059267
393,0.01442634744171804
394,-0.005817581090647143
395,-0.02007006075398167
396,0.028984019475416768
397,-0.0004677647391848933
398,0.013214270862157682
399,0.017304644142393487
400,-0.007327372975048325
401,0.0018177515010287426
402,-0.014575481720642582
403,-0.00034559323369705384
404,0.013734088005333626
405,-0.002532493254209491
406,-0.0005213632639443969
407,0.0021827543949119203
408,-0.0011133559400421386
409,0.018637922291786745
410,0.0025425414476483877
411,-0.0040371391026282
412,0.0047128249451146124
413,0.0044403094090560225
414,0.02012944115191234
415,0.009056599099267036
416,-0.0012027558706379149
417,-0.0026169613984345992
418,0.011633597700021878
419,-0.0008970723059865714
420,-0.007075746135101536
421,-0.0014577953452760807
422,0.014188787564774208
423,0.009879810463730277
424,0.004568417241611627
425,0.005026225348457286
426,-0.018913220398740906
427,0.013192834345632933
428,-0.0025521338216638752
429,8.252426131655547e-05
430,0.014991178375687813
431,0.003222614748989496
432,-0.019062503948252676
433,0.008607713973191614
434,0.03608216526738228
435,-0.01495004337829746
436,-0.01293902175847624
437,0.016461104717132052
438,0.007149996018681144
439,0.006031727908615041
440,0.012417206556958427
441,-0.013026228820022861
442,0.003932613825017
443,-8.889745054214894e-05
444,0.01727897848788644
445,-0.020193028698046667
446,-0.030007557581321585
447,-0.032152988090427145
448,-0.019438295657691288
449,0.03363779358564579
450,-0.012487461985336627
451,-0.010617998646263007
452,0.009686791537669026
453,-0.008238073357257975
454,0.006588465036555424
455,-0.010725245309242178
456,0.012295901122653292
457,-0.01693512107403528
458,0.018146612018498477
459,0.027794775647759274
460,0.005107141373925867
461,-0.0010280508296209036
462,-0.0001295813977885416
463,0.0021411260502421318
464,0.0009889291076569232
465,0.014488554574017478
466,-0.0016607817694628988
467,0.0015851944831337915
468,-0.018731437802758186
469,0.00789431666611483
470,0.0066844966948393335
471,-0.010498761000300156
472,-0.022967253040188186
473,0.010769808801568265
474,0.006479659576682269
475,0.018101908156092895
476,0.015223355691654616
477,0.006422907121239299
478,0.006798474517726511
479,-0.012994529762112617
480,0.0001878314738679702
481,-0.011239135044179376
482,-0.013199517492842058
483,-0.005030806460558779
484,-0.04188628754807037
485,0.0033770767262703222
486,-0.025162607645921646
487,0.015698467658984475
488,0.004497519434503034
489,-0.022971644724989554
490,0.015878745358312383
491,-0.021835028315075458
492,-0.02694906945648207
493,-0.021359260166815226
494,-0.005349970407146785
495,-0.02237144300974847
496,0.0062647608180259546
497,0.015825759548591056
498,-0.015364442651862573
499,0.007064208126688183
500,-0.0006932854845064093
501,-0.001886749249260577
502,0.023355681932404827
503,-0.01179190902163106
504,-0.00830901312687366
505,-0.023712198103467173
506,-0.007669272764233209
507,0.011032649717866331
508,0.011416000158151184
509,0.010007289847905726
510,0.0002281383469062389
511,0.022692634679280163
512,-0.00568774347037226
513,-0.005385999056398957
514,-0.007209512685188973
515,0.007200389253303427
516,-0.010606561515391404
517,0.004018440657130891
518,0.002666637036412604
519,0.008035495191169697
520,0.017609481924799338
521,-0.0054501206234651685
522,-0.02464166903996346
523,-0.008555080447831133
524,0.00787464192489904
525,0.0024882555099821745
526,-0.01920055979816338
527,0.007215203855663776
528,-0.004501680752969824
529,0.03550681657585571
530,-0.0007150761580822114
531,0.004294340208117958
532,-0.01831874184875279
533,-0.009744928711199894
534,0.042340543687742406
535,-0.007313282514618217
536,0.017583608825069392
537,0.033137342960350646
538,-0.0008816007266129412
539,-0.005386084117585351
540,-0.025576421663383142
541,-0.008410034111147506
542,0.007221881162473837
543,0.04090338486999961
544,-0.003828089692336082
545,-0.0017680780762340215
546,0.004125998685218561
547,0.0023654161929972926
548,-0.0068557383805999675
549,-0.014550974492446602
550,0.011974037016312722
551,-0.026983796323890225
552,-0.0019370689100325935
553,0.0005859360847604788
554,0.028964554342651962
555,0.0036365464388063
556,0.033640254558339654
557,0.008124708757445398
558,-0.030957093100754608
559,0.012370440967932854
560,0.008233673810282317
561,-0.003907361174609253
562,0.0016937260909582052
563,0.0012675050236314424
564,-0.001772205891072038
565,0.02807322287471173
566,0.0001318974532947642
567,-0.004068000963078662
568,0.003949452206170914
569,-0.018460262826698874
570,0.005560035801925357
571,-0.00353991384103266
572,0.012963779991270305
573,0.0009072361101066077
574,-0.0021156452395522333
575,0.01705213275476174
576,0.0017964296763946287
577,0.0010614128219852848
578,-0.009245730299446538
579,-0.01899115965336925
580,0.007486094114678925
581,-0.00928481269069532
582,0.018774230960278727
583,-0.0035976854026380147
584,0.007066234194794955
585,0.0064333471114564385
586,-0.008295685651143223
587,-0.0031608544473412546
588,0.011017770926885214
589,0.017870784667264612
590,-0.032568442135612365
591,-0.007046884212616144
592,-0.001407244036547977
593,-0.02030158027627292
594,0.005072510627863201
595,0.022300042145387354
596,0.0010457519062757946
597,-0.005365281963325038
598,-0.01659719234635129
599,0.019273267444734142
600,-0.026940728888084953
601,-0.012289381399748974
602,-0.003885903051310551
603,0.01666409674925664
604,-0.03392063236206477
605,-0.019018321214227907
606,-0.0078140767234834
607,0.010196942422640218
608,-0.015923722686244958
609,0.006338921350300143
610,0.0051459071052246215
611,0.010906539515740431
612,-0.029102809298385168
613,0.008079504615439569
614,-0.013481055938493844
615,-0.007187231632160544
616,0.006335417062821507
617,0.025702698542693223
618,0.009760832170084551
619,-0.02057404214193919
620,-0.005395119322521422
621,-0.00014464555328374358
622,0.022425106322580365
623,-0.011829127029396239
624,0.014711415155032381
625,-0.019769174797911477
626,0.024677705495975557
627,0.004235199099137267
628,-0.003858274849335465
629,-0.010237454474151655
630,0.0015730792216688096
631,0.03148322907021734
632,0.009092999851463498
633,-0.0006875672174066177
634,0.029857077610848486
635,0.019021671430683156
636,-0.002145096408284442
637,-0.0007780852495815969
638,0.006742224162312769
639,-0.003286158579115659
640,-0.015695637998871075
641,-0.011835322962505106
642,0.0025028214251638257
643,-0.0019018326366868753
644,0.015149843668020113
645,-0.021084760053808892
646,-0.0027400767783937728
647,0.007545819509852221
648,0.009224742726029678
649,-0.022000244941628833
650,-0.002507562275418154
651,-0.0050873615164754755
652,-0.02956865461710597
653,-0.006584790910250769
654,0.012419910190375085
655,-0.01931522831180912
656,-0.000419927864162391
657,0.016137479392628523
658,0.003494674327602948
659,-0.0331313434438803
660,0.0035114614401813857
661,-0.04703302773804831
662,0.05059399182634262
663,0.025394874485982117
664,-0.03639184731859818
665,-0.012903596182383605
666,0.002935399176371049
667,0.02144549399472693
668,0.005565937311996703
669,-0.09194442932459465
670,0.05988845424643057
671,-0.01640779022043206
672,-0.042175112865793056
673,-0.010589219174236044
674,-0.03734631796637887
675,-0.07323133572399444
676,0.0035922564489062614
677,-0.039719253182736336
678,-0.0014034251860853561
679,0.10967894674794251
680,-0.05616628450364214
681,-0.08139589505689186
682,0.05102192321635846
683,0.0010122978689920807
684,0.03473892442030602
685,-0.055250871315529027
686,-0.028550425716829603
687,0.0018720948736166492
688,-0.039386464610258506
689,-0.01305371389353936
690,0.12339710802434693
691,-0.01145917741894149
692,0.01909995967718349
693,0.0071932771409651455
694,-0.005269819458020339
695,0.042625609781219216
696,-0.058625069309302176
697,-0.047581140673139136
698,0.02217768453971149
699,-0.016227382043578632
700,-0.019430424000732808
701,-0.052169379824433766
702,0.07629509315654714
703,-0.05429606505129965
704,-0.022582262072063677
705,0.0037268407022222256
706,-0.055038284605212595
707,-0.0442704445095304
708,0.05739765376848627
709,0.05986414133882058
710,-0.00541214248815387
711,0.04307036646940805
712,0.0003745463492117662
713,-0.07112218090838354
714,0.03368513107275744
715,0.022252494922311884
716,-0.031760159055424446
717,0.03789823870494455
718,0.04378393150538922
719,0.009034580317175904
720,0.002226959587221867
721,-0.027481100997967165
722,0.01831506877973213
723,-0.01792074165800057
724,0.041274715483476346
725,-0.01846658890584678
726,-0.019977589883618873
727,0.0019699834350535147
728,-0.018221320333168478
729,-0.0021660291073720963
730,0.003384643996430712
731,0.005151666651618422
732,-0.01271221417945742
733,0.023218177681992684
734,0.009485796934090678
735,0.04372669992637296
736,0.0067472616622905
737,0.022584417874842083
738,-0.02841420513573767
739,0.010648876313253957
740,-0.026047928282660136
741,-0.023178781555901227
742,-0.008377976587456907
743,-0.038113114989845584
744,0.011358545124977786
745,0.007630933308617851
746,-0.05467919514954608
747,0.046202544068096034
748,-0.02074669285582072
749,0.01604053452001804
750,0.008071726095370345
751,0.022044144099982885
752,0.031374026428958444
753,-0.02179313213719928
754,-0.011530804777921334
755,0.021024628499652597
756,0.014055818225058166
757,-0.0017145486413501282
758,0.022854714649925723
759,0.030246801692362955
760,0.0003445262514813071
761,-0.04268798818696747
762,0.004742580860263516
763,0.01603981742418014
764,-0.0035937397723774635
765,-0.03836622399625938
766,-0.0034277996072959675
767,-0.012841038452482734
768,-0.004457084678096362
769,-0.037766878545956305
770,0.042260645329857204
771,-0.007245945724758883
772,-0.024881556978026492
773,4.312877850039861e-05
774,-0.02969085823323335
775,0.008136388906576593
776,0.022433920510947624
777,-0.024022594144462422
778,-0.012280048473667177
779,-0.02052827890713914
780,0.0660127881616245
781,0.01884132740764417
782,0.029616981857277354
783,-0.005909149512034045
784,-0.01579335652405201
785,0.04259214144057587
786,0.020536198921659154
787,-0.00877292840282862
788,-0.009202490547550658
789,0.06544104908593165
790,-0.016092379665002154
791,-0.004307453417963491
792,0.03167028707573407
793,-0.026884594896751574
794,-0.019295076985400048
795,0.016235346278389327
796,0.019505073240578773
797,0.029237113181897593
798,0.008626394030467685
799,-0.004003937158307087
800,-0.01997750669766455
801,0.01328592487565087
802,0.031123306469422435
803,0.0025099427501515947
804,-0.017510079313030606
805,-0.005263253495009423
806,0.025818171148764897
807,-0.0006628241807236163
808,-0.027194818001293322
809,0.0024855441740455186
810,-0.0033597024504212897
811,0.002730231798297925
812,0.024807811688207566
813,0.0009773032962343798
814,-0.001297504013133953
815,0.016008189930591176
816,0.007929380669295693
817,0.0042825234869968655
818,0.009776338504840163
819,-0.0008584555403584558
820,-0.008138107664308064
821,-0.022927229810001202
822,-0.002647011328844491
823,-0.00047825705184546764
824,-0.005042291425730791
825,-0.02576739528171436
826,0.011827800578268936
827,-0.0042303344939557995
828,0.025334218988429708
829,0.005983870960763025
830,-0.0020890271479579994
831,-0.019104157546678973
832,-0.0054193879553330986
833,0.03201753735629289
834,-0.01053891333567341
835,0.0091436935473535
836,0.008013079119716549
837,0.036060615445835775
838,0.010401340537678619
839,-0.005581903085449853
840,0.011293540256557795
841,0.00076855460436095
842,-0.006235745960648322
843,0.005092621948596754
844,-0.0036708786539459233
845,0.0007444985953196331
846,-0.0041467092048307575
847,-0.012966945246922983
848,-0.009086518590474905
849,0.01371037107699354
850,0.00046932146199310043
851,0.009951235069894511
852,-0.027758241249074
853,-0.002613949629353441
854,0.007349398501179917
855,0.02393484122591729
856,0.0002852620262490215
857,0.006713970402283362
858,-0.00048694780706883624
859,0.0043244624407478395
860,-0.022018627525939933
861,-0.00562113849330109
862,-0.02559431252867174
863,0.002390310396814459
864,0.008934051126813239
865,0.002633223734194615
866,0.028357277415475012
867,0.006165052380672006
868,0.039159049243022444
869,0.011289235810715613
870,0.001959446472676306
871,0.0112522962688915
872,0.001976557303011864
873,0.002863212264906363
874,0.023619870112526153
875,-0.02054630871341906
876,0.0033714422488349406
877,0.0011226639794472428
878,-0.0016382123977612937
879,0.013028318326638852
880,-0.0016200806622104942
881,0.013682487674423559
882,0.0028017813008261007
883,-0.011486090585758134
884,-0.003895090944375545
885,0.007104868921009515
886,-0.0028702838258658184
887,-0.010700881755279699
888,0.01039198501502217
889,0.004434573471260801
890,-0.012576949427895579
891,-0.024420321619921935
892,0.01212894770381589
893,0.0064200723775357914
894,0.009958724385016514
895,0.015825868351912842
896,-0.002094673238522338
897,0.0024003812992205
898,-0.0019936181350818215
899,0.003397919467120085
900,0.0008301604744633613
901,-0.009703669073226482
902,-0.01773888488303643
903,-0.002125143988484591
904,0.0015858217796271626
905,0.01807578164594588
906,0.009902342935338027
907,0.010194108380930173
908,0.01299774251942256
909,0.0012199655282522288
910,0.0032277954635922374
911,0.007279910329497203
912,0.014603201256049522
913,-0.0030149836522077034
914,0.005995076090793864
915,0.00025390464881788386
916,0.005050498411077967
917,-0.007109166456401835
918,-0.005034856181375745
919,-0.007589821148919078
920,0.016597513897021222
921,-0.002760788457777262
922,0.0008536864416893527
923,-0.027639689001066912
924,0.0007038626554512952
925,0.00502175861075183
926,0.01697079416800366
927,0.008875830854655946
928,0.005342613384540127
929,0.006236414025032071
930,-0.0033940749097102945
931,0.003909177189822817
932,0.016100329094597094
933,0.0056956815428299504
934,-0.006170014917627876
935,0.0038962534688829443
936,-0.00034719508187936756
937,-0.004984760139839235
938,0.009422907203444327
939,0.03382570979308035
940,0.0022999093604018205
941,-0.011693917789712257
942,-0.011721520945129179
943,0.01647627817147787
944,-0.023852892625169826
945,0.0014305802687967842
946,-0.0048253915457484205
947,0.00601358441202285
948,0.020047033881975637
949,0.007330366514239803
950,0.022420784890275342
951,0.0031644766454502382
952,0.006026225236423239
953,-0.006039268680587517
954,0.012305408155116307
955,0.0073918735477872324
956,0.00342439510316618
957,-0.004526137419164512
958,-0.01480151615057001
959,-0.0031248629726669157
960,0.013067990224864089
961,-0.0035661349532415316
962,0.0010706451118274846
963,-0.015121112023583795
964,0.006763789287505549
965,0.015286109005914537
966,0.002267137271388619
967,0.001752864982575275
968,0.0019565838633131055
969,0.002044071060569243
970,-0.004888923583864334
971,0.0014554043683770107
972,0.005665332734986215
973,-0.007215461200102318
974,0.0029604013691502274
975,-0.002136496028535646
976,0.00011223603877913836
977,-0.015087044791539243
978,0.008127862649881306
979,0.012352925461582098
980,0.002081971377254111
981,0.011200522955770328
982,0.007946297419096915
983,0.0038456979097382755
984,-0.0009557605935363058
985,-0.0024890066145497785
986,-0.009114860849711607
987,0.008075436558380493
988,-0.0022086703128086816
989,-0.005655825172233972
990,-0.007581693641995729
991,0.005144000302713
992,-0.006116119889724349
993,-0.01196754027035758
994,0.012981395500474061
995,-0.0002536332102290146
996,-0.010878723460551078
997,0.013885080968567335
998,-0.010052161458651449
999,-0.008891889306204069
1000,-0.03174628898335042
1001,-5.257593764027046e-05
1002,-0.002871477065383036
1003,0.006852006676687739
1004,0.01108643362623014
1005,-0.012629944378112675
1006,-0.0021648873654477804
1007,0.00799490616091482
1008,0.002344926316316897
1009,-0.023741521786340012
1010,0.01032066168306832
1011,-0.0063980050045992325
1012,0.012161366666808086
1013,-0.0014320103980677635
1014,0.011158537432039296
1015,-0.0037679867179275335
1016,0.011228547541103669
1017,0.0011028432169098666
1018,0.01153885135947425
1019,0.002549481629652267
1020,-0.0016991371111634494
1021,-0.011403284514997475
1022,0.012698315261242276
1023,-0.001841836984069623
1024,0.006139272015406681
1025,0.02147993448615673
1026,-0.0013926336431970237
1027,0.0007244629346206248
1028,0.007630615037126285
1029,0.010810022000357019
1030,0.0057322539547172225
1031,0.0036766223560607976
1032,0.007661006719008405
1033,0.005707827968387237
1034,-0.0028621424718903317
1035,-0.0014794972113406127
1036,0.005190821785025225
1037,0.004714421364415737
1038,0.00205436757772324
1039,-0.009170627561042113
1040,0.008701840148377308
1041,0.00651898821299014
1042,0.0019706356921994793
1043,0.007188884632531987
1044,0.00012078743549153405
1045,0.0017986409372813836
1046,0.007178737827859965
1047,-0.007718536929412257
1048,0.0008487562825587185
1049,0.01001488599793503
1050,0.005967153082885759
1051,-0.008927176649513896
1052,0.009792331303561516
1053,0.006465287419342855
1054,0.001995598819525524
1055,0.005979941824700986
1056,0.013556101635687778
1057,0.006918667464117439
1058,-0.01845133055096878
1059,0.002300690670158281
1060,0.008080757620130262
1061,0.005836586614933587
1062,0.022042868758730853
1063,-0.0032426251692923283
1064,0.008299600620927421
1065,-0.022759871667349454
1066,0.0006652442387671202
1067,0.017591619488141506
1068,-0.02175253168700457
1069,0.014604106158540589
1070,-0.027443249944875018
1071,-0.004425509630856378
1072,-0.02596808767325035
1073,-0.019319610287068353
1074,0.04428247483411377
1075,-0.002513685681212793
1076,0.02358817125495799
1077,-0.011414935200560649
1078,-0.02175670171861602
1079,0.011281133511994498
1080,-0.017641237479569503
1081,-0.00812426305426018
1082,-0.03928307544080338
1083,4.860984119100251e-06
1084,-0.002583381717127181
1085,0.008775552340589538
1086,-0.012549700751629152
1087,0.03464143501048494
1088,-0.004429317370860987
1089,-0.0058792741200145325
1090,0.020526218737666302
1091,0.008023332564226765
1092,-0.030907480483472197
1093,-0.015687370969842056
1094,-0.0010409553887768725
1095,-0.004775352996903001
1096,0.024825438151019907
1097,0.006683801241132482
1098,0.0047739181313869745
1099,0.01951993170067236
1100,0.001274560518845085
1101,0.005239179624000515
1102,0.0023625299346173682
1103,-0.01694802566854993
1104,-0.005817187393671155
1105,-0.012415447025904804
1106,-0.016373298130928866
1107,-0.006269697583543708
1108,-0.0006207710578255265
1109,-0.038804783556520346
1110,-0.013383197460707439
1111,0.0003657401929762177
1112,-0.005700972970715561
1113,0.006740567473013143
1114,0.033877358353939076
1115,0.004631895179855109
1116,0.006620514108485851
1117,0.010886262359682345
1118,0.015064488118843321
1119,0.0073033006991630196
1120,0.0009709605490339834
1121,-0.03082171033187402
1122,0.007868495347554705
1123,0.012198188216305545
1124,-0.010940266887326999
1125,0.006597666552197233
1126,0.005850491392944735
1127,-0.001381584197255118
1128,0.0015761245723053326
1129,-0.008989112489680508
1130,-0.006431405117950318
1131,0.0033585242951008117
1132,0.014692022990130863
1133,0.00021493882554565356
1134,0.012645839714016997
1135,-0.0010241235746983992
1136,0.003480750621312556
1137,0.005934318637827363
1138,-0.002874775187235518
1139,-0.020156894232353912
1140,0.010611863141858436
1141,-0.007145880296335382
1142,0.005314216610172802
1143,0.005825343893071025
1144,-0.0012508741786817679
1145,-0.013284516293939723
1146,0.0019512156120960076
1147,-0.009603783657162236
1148,-0.016773132435195397
1149,0.006871867941954094
1150,-0.009954213012378654
1151,0.008987128576586326
1152,-0.01365832691012052
1153,0.000672445792914763
1154,0.033233490719771566
1155,0.01028515496787146
1156,0.013187789929799064
1157,-0.00863551682482259
1158,0.00734395987721646
1159,0.015368986453545955
1160,0.0018377502641066831
1161,0.016563612021331994
1162,-0.0018782847640925486
1163,0.002122482478879891
1164,0.003838397109889873
1165,-0.0005635320398972147
1166,0.015275061622167985
1167,0.0022488898323829924
1168,-0.012554549994786585
1169,0.000670224743282605
1170,0.023015502945690765
1171,-0.000964502497377294
1172,-0.004912211036203171
1173,0.0010638585529171897
1174,-0.007939839799095981
1175,-0.007469649283510862
1176,-0.00995877409758776
1177,0.022484085630473556
1178,-0.006273202132395744
1179,0.010565638542687246
1180,-0.0031059137753169674
1181,0.0028680890237010826
1182,0.009511392431245828
1183,0.0025994110006779033
1184,-0.000254426732821626
1185,0.029404517809066662
1186,0.0022646757395694862
1187,-0.01579836523018003
1188,0.009686515336764949
1189,0.01590194987602341
1190,0.0017209836597574446
1191,0.0017549074403527577
1192,0.008212282592187679
1193,0.002961309073983309
1194,0.002169241589583422
1195,-0.005723557150527384
1196,6.069374361975812e-06
1197,0.010744762296985904
1198,0.003904500932341065
1199,0.00940491680866506
1200,-0.00013443184204698592
1201,0.002238217801630602
1202,-0.0009413359842249065
1203,0.0062694080804623084
1204,-0.01969332749891308
1205,-0.005016272278303745
1206,-0.011178767111223084
1207,-0.015209634436509396
1208,0.00020355006717026727
1209,0.012147652780145709
1210,0.0020562799702366747
1211,0.014450928521706652
1212,-0.012069456788191105
1213,0.0178065761428679
1214,-2.0234895477197435e-05
1215,0.002866937875433412
1216,-0.0047892308495796525
1217,0.013179365399620882
1218,0.0034937486253815873
1219,-0.004684538543709813
1220,0.0036931207999383797
1221,-0.0021133315488453385
1222,0.0030267359950443473
1223,5.853629063497825e-06
1224,0.006934137719169134
1225,-0.010017182216984834
1226,0.003862477645940845
1227,-0.003797720252817792
1228,0.009119911275707044
1229,-0.0017836058994651844
1230,0.006243728798262464
1231,0.012674334888724225
1232,-0.0008486641888060814
1233,-0.0006792482035697612
1234,-0.0012223333870845603
1235,0.0015665557195410269
1236,-0.0009499409749923379
1237,-0.0024975904617990682
1238,-0.005109683170691511
1239,0.009747609301516582
1240,0.004493472401097132
1241,0.007304612614016302
1242,0.002331382339351406
1243,-0.0006160114043897848
1244,0.005976816919078969
1245,0.000911671389765801
1246,0.007621316485157872
1247,0.0007107885608255173
1248,0.00533848079282557
1249,0.0048807987679066606
1250,-0.008678611943020935
1251,-0.011248183128722115
1252,-0.00862000828257579
1253,0.011756495640725185
1254,0.004184254783401619
1255,-0.0010304917465964708
1256,0.020123184507227034
1257,-0.023254466739742113
1258,0.001537417596058191
1259,0.011723827250557936
1260,-0.001300356386082567
1261,0.00017477191332059743
1262,0.006825361544421354
1263,0.004957290754481951
1264,0.006065643241043209
1265,0.0010920513610531415
1266,-0.015724438280569228
1267,0.00852711606599416
1268,0.007449692632910295
1269,-0.0029937877590266136
1270,0.004872852496132066
1271,0.003021107114326224
1272,-5.630063863235318e-05
1273,-0.0262014034575655
1274,-0.011810987508955779
1275,0.0031974851472771565
1276,0.008413191003247654
1277,-0.0035454232423601057
1278,-0.01148290321422282
1279,0.00265882499415853
1280,0.010809265079845531
1281,-0.0017758993514127618
1282,-0.010875604972561365
1283,-0.004572114488068204
1284,-0.0012930807660457896
1285,-0.00951487822509004
1286,0.006974803365384625
1287,-0.007172479471424867
1288,-0.00793691957189477
1289,-0.016292806977009706
1290,0.003451472520963668
1291,-0.001856581739869306
1292,0.016501493755559492
1293,0.004329336631927614
1294,0.004474470927606473
1295,0.011218323332662556
1296,0.0007024040308447463
1297,-0.0026383073985525012
1298,0.006229904571231353
1299,0.005909025652127366
1300,-0.002282229078925724
1301,0.004980290529285781
1302,0.0020819957449173675
1303,1.7069196380441838e-05
1304,0.004036429569717592
1305,-0.00038246183311099594
1306,-0.0046310036974233975
1307,-0.0046388042980781375
1308,-0.00417640163272462
1309,0.005358890449799736
1310,-0.00302980026053879
1311,-0.010693783051925686
1312,-0.008509769886682532
1313,0.0049089658835958574
1314,0.02058098431536699
1315,0.006983894661871416
1316,0.002099440953542723
1317,-0.0008554047189548507
1318,0.011675105740732786
1319,0.004801555571777512
1320,-0.0016468235315114873
1321,0.0031218886737978263
1322,-0.0030533200991045683
1323,0.0010585947545160624
1324,-0.00720747338569934
1325,0.0007844301466048888
1326,0.004949390333856301
1327,0.009190869644628336
1328,0.0007904149248428845
1329,0.0010780588720393242
1330,-0.010366696988571615
1331,-0.018125513234186503
1332,0.005824856068065862
1333,0.007716079599272787
1334,0.0023555821926180736
1335,-0.006412881912848302
1336,-0.010315455210388827
1337,-0.0049368022143073806
1338,0.005084763027285812
1339,0.006642513452523644
1340,0.000525345261551662
1341,0.0154193007297379
1342,-0.016853224932274393
1343,0.0016990578816455928
1344,-0.012766692466272475
1345,-0.01719328491253379
1346,-0.0014192601671972262
1347,-0.00492953417778766
1348,0.0017734750146403432
1349,-0.014184533453991373
1350,-0.0006785970150938714
1351,0.011566260894926541
1352,-0.017464278604642877
1353,-0.00317153888605368
1354,-0.003984701715381799
1355,0.003686850876733763
1356,0.020606528435517156
1357,-0.014209658359442457
1358,0.005768167965397888
1359,-0.013046363147977488
1360,0.0201902147836923
1361,0.01124804139418371
1362,0.004581909068339795
1363,0.011088608720389729
1364,0.013731193532048257
1365,0.011973446658667465
1366,0.002964713021410479
1367,0.012841249580971345
1368,-0.003943862546992752
1369,-0.014509419392683518
1370,-0.005696392646311247
1371,0.005900704144738379
1372,-0.012510332719133745
1373,0.016568890866725094
1374,-0.006493685671762795
1375,0.018430059570257167
1376,-0.0049488518032326494
1377,0.0016355738178282639
1378,0.011091921983126207
1379,6.024724153684893e-05
1380,-0.0025279131209805924
1381,-0.016517143479364345
1382,-0.0005377630968627296
1383,-0.005929198097387456
1384,-0.0021827835480323424
1385,-0.024295422414269904
1386,0.00847911221960641
1387,-0.03819293559452598
1388,-0.0019786461287593666
1389,-0.049689693534601315
1390,0.0313529528378293
1391,-0.04056950473657831
1392,0.047353047645348714
1393,0.00402036733765721
1394,0.010282156672009884
1395,-0.010364344600243365
1396,-0.004906701990943859
1397,-0.04451198527015843
1398,-0.017027600125979054
1399,0.0023827762129061164
1400,0.037315579706342736
1401,0.0053288280675816
1402,-0.01106886364433162
1403,0.02037987134931128
1404,0.02442010291712458
1405,0.007224190523378493
1406,0.0021944199612009573
1407,-0.007172640020669496
1408,-0.024486077095399877
1409,-0.000862395959885143
1410,0.021886372673471093
1411,-0.0020969056149071556
1412,-0.0204304659997109
1413,0.013640089646217947
1414,0.009838375821311456
1415,0.01057579361076174
1416,-0.0011968324450641271
1417,0.008093339056213775
1418,-0.0074641703671535845
1419,-0.014743579707197607
1420,-0.013873713259578684
1421,-0.019341108761157376
1422,0.005901323921544541
1423,0.01538837534894739
1424,0.001619157886308627
1425,-0.00677076781732609
1426,-0.016960456142868823
1427,-0.02517358806822353
1428,-0.022284358229516094
1429,0.021523551426075805
1430,0.021961377110929266
1431,0.016199965895581526
1432,-0.004428664911183529
1433,0.02211026912972998
1434,0.0017677814950669455
1435,0.013576393822702062
1436,0.0077308415074244085
1437,0.018758249521753367
1438,-0.011173388201807055
1439,0.005599634142891993
1440,-0.016875174865942623
1441,7.651296861903775e-05
1442,0.016695476500194196
1443,0.014093082942017004
1444,-0.045550583615398224
1445,-0.0100906088388712
1446,0.01722751257439328
1447,0.008024185827758237
1448,-0.008992639593515452
1449,-0.022389459333882696
1450,0.01236827254966072
1451,0.024292225214919094
1452,-0.012343521854610484
1453,0.009026950109942894
1454,0.010764465843013172
1455,-0.03455559370597985
1456,0.0009337467511702248
1457,0.018762556401556288
1458,-0.006572329490159362
1459,0.010418965469531812
1460,-0.017715678153587152
1461,-0.020036152877272326
1462,-0.0015215984439958666
1463,-0.020731063725785204
1464,-0.006642004553875961
1465,-0.018490929262807893
1466,-0.012473716804575022
1467,0.03791058412592793
1468,-0.009984506188702617
1469,0.025521924459202597
1470,0.003830725756392363
1471,0.0018520560581919564
1472,0.013711184056410409
1473,-0.003989995413799321
1474,0.00853989570498554
1475,-0.0180445277747302
1476,0.014101046965548493
1477,-0.003419866429907694
1478,-0.008835417323619298
1479,-0.011143493146201036
1480,0.00014896620061386617
1481,0.009224731478946388
1482,-0.01327727219390205
1483,0.0302119868060901
1484,-0.009625087873522831
1485,0.008293644974729276
1486,0.00623917969091885
1487,0.000648053867067118
1488,-0.012043610592909842
1489,0.006975322585266384
1490,-0.0030960455513948182
1491,0.022922733710973666
1492,0.017646542439873382
1493,0.0009293340493907205
1494,0.009955554627460029
1495,0.00887520022731007
1496,0.0015236559887324016
1497,-0.00250672509206405
1498,-0.0018033861596335756
1499,-0.0008807256226254748
1500,0.006852342557903319
1501,0.014717718271975093
1502,0.012949165756122689
1503,-0.0034380850347873757
1504,-0.008353320490376775
1505,-0.0016127738709670366
1506,0.010553328112856766
1507,0.024725358800009818
1508,0.006375291157905363
1509,0.0013110061869050455
1510,-0.0008793566699385162
1511,0.00016128911207653578
1512,0.0009568109835093012
1513,0.014705161480133925
1514,0.002643382169054662
1515,0.0020055692857058336
1516,0.002666283736461067
1517,0.0011481827683178089
1518,-0.005758466506263631
1519,0.0028979363035129065
1520,0.003518901611799106
1521,-0.009398449925220579
1522,0.005818265961472292
1523,0.003582711603116285
1524,0.00022412074469510513
1525,-0.009341210578155453
1526,0.004061008822044391
1527,0.0003358421265181597
1528,-0.0016856012678993502
1529,0.012930422186483085
1530,-0.007886875892181544
1531,0.004645523679791317
1532,0.002463409401714033
1533,-0.010644181163311882
1534,-0.01093942218470765
1535,0.006491537354982564
1536,0.011900213728972379
1537,0.002774522179478478
1538,-0.0008243787109026726
1539,0.014885038343571081
1540,-2.907986966973195e-05
1541,0.002734217340653636
1542,-1.119066225284686e-05
1543,0.01079302267948323
1544,0.004013622579279726
1545,0.004207242244182868
1546,0.0008191126790595804
1547,0.002577604123016529
1548,0.01572299824517431
1549,0.0015342133551884307
1550,-0.004560845600389295
1551,-0.002945592307192879
1552,-0.002470273016575549
1553,0.0038097269126678573
1554,-0.005221739550874915
1555,-0.014182429924434458
1556,0.001343899466824999
1557,-0.01180230453686131
1558,-0.01807827945558655
1559,0.005583795074884345
1560,0.01587267137814617
1561,-0.011027638849128786
1562,-0.008402366582973383
1563,0.019894469348520533
1564,-0.004252306461274901
1565,-0.009090469163725677
1566,0.0007892296837142247
1567,-0.010407184187407372
1568,-0.011003756224564913
1569,0.02020605095321241
1570,0.003238617662162892
1571,0.015350232990600884
1572,-0.005511742489336866
1573,0.003228572850941709
1574,0.0015442078659025007
1575,-0.012799326134756482
1576,-0.024475518630856404
1577,0.0020228595204448635
1578,-0.004883073462763051
1579,-0.00021918933339316502
1580,-0.008863072852879116
1581,0.008516373999682027
1582,-0.0075408273168731735
1583,0.0007402947412529202
1584,-0.002723621752081248
1585,-0.015331030853212867
1586,-0.013599163200891618
1587,0.017150159988161863
1588,-0.008518535636138323
1589,0.005900308030638903
1590,-0.00846871681673103
1591,-0.0038964841170024424
1592,0.009902005350988403
1593,-0.010041442885153773
1594,-0.008541829146169026
1595,-0.020781532685816628
1596,0.008481544484584476
1597,5.793522229534853e-05
1598,0.021379070173970144
1599,-0.003161283414850792
1600,0.009803099427983845
1601,-0.016468159505267862
1602,0.009346480456322219
1603,-0.004754865809653307
1604,0.0046999329635945535
1605,0.01597638047211382
1606,0.007257809745558097
1607,0.011157347981516368
1608,-0.004163944332179232
1609,-0.02061872246551723
1610,0.011130540986223411
1611,-0.016333705767802225
1612,0.00683093788458304
1613,0.005081676978890585
1614,-0.006258817373551943
1615,0.02693577897896346
1616,0.000917659009698248
1617,0.010243401423055347
1618,0.009844846315538055
1619,-0.010405148626524148
1620,0.002550074522060935
1621,-0.011746128339894314
1622,-0.0009585009786167217
1623,-0.007820230486376135
1624,0.013715570008453783
1625,-0.005119416194400961
1626,0.003479537989450224
1627,0.011279296853441003
1628,0.010708802571410337
1629,-0.007540099731343942
1630,-0.013747958847296963
1631,-0.019967854645205424
1632,-0.031018979037924485
1633,0.009854513080917598
1634,0.027925020545031716
1635,-0.0036677049842139455
1636,0.0003007760655744357
1637,-0.0023450140209214975
1638,-0.002975182757390806
1639,0.018898231541637233
1640,0.009637966665172438
1641,0.005929040560790819
1642,0.0004094435207440334
1643,0.004047756564385648
1644,0.00282041493796633
1645,-0.002993230372436629
1646,0.0031545890916470243
1647,0.007070213708002304
1648,0.02374949462019321
1649,0.0007821199710854002
1650,0.001247443056169208
1651,0.000332118866367522
1652,0.002121825611939916
1653,-0.00883832848950683
1654,0.0029778453476901187
1655,-0.00029522991376748707
1656,0.0004831404519593907
1657,0.0004236101794706867
1658,-0.014254766375821641
1659,0.0070813769815916425
1660,-0.008053806937393857
1661,-0.00025884953751975355
1662,0.024956713478896053
1663,-0.0025721498727461303
1664,-0.013678928746589996
1665,0.0008816183215461216
1666,-0.0003908342469075407
1667,0.012923492470628033
1668,0.008783841526058623
1669,-0.007887718662002751
1670,-0.0028214230180815935
1671,0.006266139127662671
1672,0.007424019016158395
1673,-0.00638223103752106
1674,-0.006026850639679363
1675,-0.01442791795643941
1676,-0.006605569192483054
1677,0.011911493499175278
1678,-0.007506668683470188
1679,0.00043443479513694135
1680,0.000720976503387634
1681,0.015392342966263229
1682,0.009256710478552982
1683,-0.0030338884494023983
1684,0.004661179709518907
1685,-0.027408235304932613
1686,-0.007704276868714785
1687,-0.0010726782985972967
1688,-0.0004342291301415559
1689,0.0077377077158231255
1690,0.011430685381689619
1691,0.004268299189156876
1692,-0.012602847128526946
1693,-0.02082589579070721
1694,0.007882274862370727
1695,-0.0060572787954402026
1696,-0.025166141116916268
1697,-0.0030691789917346255
1698,0.02558209130489769
1699,0.009956455539715518
1700,0.0089259260855242
1701,-0.006049405482136609
1702,0.0018509171181363023
1703,0.0001912236633636661
1704,-0.01877812792668561
1705,-0.015558649790430748
1706,0.00595461441706304
1707,-0.0035968151053692816
1708,-0.005965644992411671
1709,-0.0025544034268263826
1710,0.0022965300345077254
1711,0.0005020266611067991
1712,0.012330566369295248
1713,-0.00017455470702805508
1714,0.004988031329423596
1715,0.012246253775837714
1716,0.0020686140814192813
1717,-0.0023261859284423687
1718,0.0064204714301266536
1719,0.0006970200824734167
1720,0.0013837430332810363
1721,-0.0018470442589389392
1722,0.016431763334777583
1723,-0.009667029856152063
1724,0.007619609694682778
1725,-0.004316497907838159
1726,0.0009690846847418358
1727,0.01018759560650228
1728,0.00572928335332998
1729,-0.002852021211963368
1730,0.00035554969901305895
1731,0.0124381405377979
1732,0.012593004660642565
1733,-0.0042106205989294095
1734,0.0010753404478714224
1735,-0.011684631074119935
1736,-0.0020791311016116628
1737,-0.005769892781919293
1738,-0.004877161246485521
1739,-0.011159003862989004
1740,0.01866262679973845
1741,0.02297923154856072
1742,0.0005113796179366255
1743,-0.002436962641944706
1744,0.004070660389860035
1745,-0.0023074519327756166
1746,0.002444286801956835
1747,0.005871103342957558
1748,0.004435198287066105
1749,0.002540220977663213
1750,4.7849554258723155e-05
1751,-0.0025586967910364257
1752,0.0051997392732014
1753,-0.007012252317039463
1754,-0.004260618238255338
1755,0.015016235687899953
1756,0.03238142184864873
1757,0.02555042169689742
1758,-0.005457945908449348
1759,0.002333573717455593
1760,0.0011255613639660038
1761,-0.009923738440663526
1762,0.0077085217507499495
1763,-0.004972549748111885
1764,0.012883150810453914
1765,0.0013386368174600869
1766,-0.0017239052447177267
1767,0.005424217617306618
1768,-0.0027603955997581456
1769,-0.0013836164945309373
1770,0.01219962801913359
1771,0.0013293316547794006
1772,0.00257332078340656
1773,0.013013577975276148
1774,-0.014344270383691298
1775,-0.007083399588883521
1776,-0.0006151089997650779
1777,-0.011964683278186436
1778,0.007434498525233864
1779,0.00910535290555155
1780,-0.00016352287930002066
1781,0.002514317930694863
1782,0.0053964080697488145
1783,0.013661667711702054
1784,-0.0003320715326238388
1785,0.0020565505595471897
1786,0.0011570621619717406
1787,-0.0013957355881207803
1788,-0.00293472655507675
1789,0.0067267394362406545
1790,-0.002318699926779376
1791,-0.0013891753773422417
1792,-0.0026576337523325565
1793,-0.006250710693628503
1794,0.008128009312444243
1795,-0.009429459798020812
1796,0.012948394888564254
1797,-0.002179271424401312
1798,0.010732369865094068
1799,-0.0008108689935863284
1800,0.0028391171611816274
1801,-0.01109779064267503
1802,0.005698737698531586
1803,-0.010652531456172414
1804,-0.001645134328023678
1805,-0.01215482286213461
1806,0.0035953395407578794
1807,0.012909814770849012
1808,0.012559238030011405
1809,0.0018592463412268226
1810,-0.001581178003768242
1811,-0.011092568808687527
1812,0.00985886494824734
1813,-0.017882592912022093
1814,-0.0037916318835688077
1815,0.008813605525940777
1816,0.016414834592579794
1817,0.03333342067911038
1818,-0.00023456366697601145
1819,0.002138107204915996
1820,-0.004371726677998284
1821,0.009746317136208302
1822,0.006784489794437704
1823,-0.007899033462194685
1824,0.01123498753485101
1825,0.009265236581612586
1826,0.0015158347894644116
1827,-0.002938627832974613
1828,0.005227911063503439
1829,-0.0015939343390603412
1830,0.004413570307431544
1831,0.005027996584877517
1832,0.004434030548053789
1833,0.008592055109795431
1834,0.00388660307125179
1835,0.006810900261992731
1836,-0.0011136461425715648
1837,-0.0025898525045222206
1838,-0.013084146667190318
1839,-0.004465994499238278
1840,0.00037227474339095553
1841,0.0002049317528010242
1842,-0.004018693130575086
1843,0.008898728103452526
1844,-0.001597002766997872
1845,0.006521031161636566
1846,0.0019369683724158907
1847,-0.007666111856419609
1848,-0.001807023283647513
1849,0.012942805430340739
1850,0.0018637396633315855
1851,-0.013939177924939945
1852,-0.009921608092700675
1853,0.007930607545814723
1854,-0.006566932327695059
1855,0.01713454861425663
1856,0.0051006341406607935
1857,-0.00018307128150115868
1858,-0.022373324596323324
1859,-0.0026588826996751472
1860,-0.010508387535570471
1861,0.002736521770527773
1862,0.009608493734094854
1863,0.0037700020708008606
1864,0.0014416502772055602
1865,0.008717142560694943
1866,-0.0016470003836494469
1867,0.002883047227646948
1868,0.006627799330584191
1869,0.004799346816209498
1870,0.014326079338426105
1871,0.0017425420789674011
1872,0.018425772958272538
1873,0.008578152330219139
1874,0.0005934702350333509
1875,-0.0005825631687447708
1876,0.0036783756814839728
1877,-0.003253886692590649
1878,-0.016035003508719305
1879,-0.0018467225353696359
1880,-0.008800956212036467
1881,-0.004888479725556634
1882,-0.00351230702454822
1883,0.002835734418014107
1884,-0.0034312135332841003
1885,0.00199647329072879
1886,0.002279147204727239
1887,0.009186481271985012
1888,0.0011223470973615406
1889,0.002240117022889815
1890,-0.0032470925111769814
1891,-0.006233050022102445
1892,0.0007383923510337526
1893,-0.0029912140380832573
1894,0.005337086054476679
1895,0.002387509475826466
1896,-0.0013181651451348016
1897,-0.02262744695391114
1898,0.004107457386385292
1899,0.0019410597023521118
1900,0.006919190333137787
1901,-0.006873307872933589
1902,0.006823101916315642
1903,0.010287859357293372
1904,-0.002074180297213678
1905,-0.013821720443820237
1906,0.004476584605384254
1907,0.005764278509982465
1908,-0.006145321827131679
1909,0.005307300866188197
1910,0.012904485008899893
1911,-0.0012687333781050793
1912,-0.00014470525132074142
1913,0.009895633349439973
1914,0.010257678963321852
1915,-0.001868976320426307
1916,-0.006315739708079354
1917,0.005389822473406964
1918,-0.002919114366624378
1919,0.005289633548969281
1920,0.0218830766027595
1921,-0.0013675414105917228
1922,0.0007596270521680871
1923,-0.0064893377084559375
1924,0.00026943167387993264
1925,-0.001975748415351377
1926,0.0026582919399662196
1927,-0.0014361892853840105
1928,-0.004178347153530736
1929,0.013669357330005601
1930,0.0018070465834980041
1931,-0.011665573296150637
1932,0.0056671415513388085
1933,-0.009958755557191343
1934,-0.01229566350663645
1935,-0.004749628033386772
1936,0.016443842594368596
1937,0.008205009635308647
1938,0.012311095026739731
1939,-0.0037254673675499866
1940,0.007902260075397285
1941,0.004268554418808477
1942,0.02334490872204028
1943,0.008161559510967366
1944,-0.007462866532258923
1945,-0.0009126318695998393
1946,0.006711308154920603
1947,0.014946856528681524
1948,-0.002555656036853758
1949,0.004540380032783039
1950,-0.006049970559136421
1951,0.0011333745416846762
1952,0.003868956856291967
1953,0.004578259896413151
1954,0.002077160376577731
1955,0.006757123760604061
1956,-0.017539502936415406
1957,0.011852621566373194
1958,0.0008138660205854182
1959,-0.0010450365505365107
1960,0.011798809052390065
1961,-0.005579768821227027
1962,0.0019586173254785536
1963,-0.00882345223348495
1964,-0.0040652795188507555
1965,-0.00279439432683874
1966,0.013176243643799575
1967,9.975972940766509e-05
1968,0.004824149512942616
1969,0.002957558558137945
1970,0.008253887856880564
1971,0.005033501915230048
1972,-0.004897009209054974
1973,-0.001302620393066058
1974,0.0006046819127032971
1975,-0.0010106005292482192
1976,0.006671577696444479
1977,0.0016200539152323586
1978,0.0011357190238880756
1979,-0.009063035087985154
1980,-0.003769798902271566
1981,0.009121087675150026
1982,0.0011060720894289864
1983,-0.00018899791229964934
1984,0.011171680040253255
1985,-0.0008070142695182807
1986,0.007218571945462696
1987,0.009317891911152171
1988,0.000877037374591008
1989,0.004121540323913653
1990,-0.003516985935458701
1991,-0.0006011720889409467
1992,0.005117083064043809
1993,-0.009509538556306835
1994,-0.004845684628529676
1995,-0.0045069523957751495
1996,0.017116958808917896
1997,-0.0013042587166017512
1998,-0.005270186160327728
1999,0.003550450236224605
2000,-0.008641972382806434
2001,0.016706103284565545
2002,0.00900725509836081
2003,-0.0012055483424652296
2004,-0.007476635854001736
